,,,,
,Month,Trade Type and Listing Market,All Traded Marketplaces,Toronto Stock Exchange
,2015-Jan,All Trade All Listing Total,"$218,979,240,778","$123,847,617,642"
,2015-Jan,Non-Cross Trade All Listing Total,"$194,655,069,799","$113,552,797,877"
,2015-Jan,Non-Cross TSX-Listed,"$193,780,889,029","$113,552,797,877"
,2015-Jan,Non-Cross TSXV-Listed,"$853,952,017",
,2015-Jan,Non-Cross CSE-Listed,"$20,228,753",
,2015-Jan,Non-Cross NEO-Listed,,
,2015-Jan,Intentional Cross Trade All Listing Total,"$24,324,170,979","$10,294,819,766"
,2015-Jan,Intentional Cross TSX-Listed,"$24,131,916,074","$10,294,819,766"
,2015-Jan,Intentional Cross TSXV-Listed,"$191,440,746",
,2015-Jan,Intentional Cross CSE-Listed,"$814,158",
,2015-Jan,Intentional Cross NEO-Listed,,
,2015-feb,All Trade All Listing Total,"$195,007,664,446","$111,148,053,391"
,2015-feb,Non-Cross Trade All Listing Total,"$173,116,910,273","$100,660,811,639"
,2015-feb,Non-Cross TSX-Listed,"$172,176,184,746","$100,660,811,639"
,2015-feb,Non-Cross TSXV-Listed,"$877,646,802",
,2015-feb,Non-Cross CSE-Listed,"$63,078,725",
,2015-feb,Non-Cross NEO-Listed,,
,2015-feb,Intentional Cross Trade All Listing Total,"$21,890,754,172","$10,487,241,751"
,2015-feb,Intentional Cross TSX-Listed,"$21,750,427,823","$10,487,241,751"
,2015-feb,Intentional Cross TSXV-Listed,"$139,354,599",
,2015-feb,Intentional Cross CSE-Listed,"$971,750",
,2015-feb,Intentional Cross NEO-Listed,,
,2015-mar,All Trade All Listing Total,"$206,135,090,423","$121,417,946,159"
,2015-mar,Non-Cross Trade All Listing Total,"$185,891,243,827","$112,158,529,358"
,2015-mar,Non-Cross TSX-Listed,"$184,795,056,709","$112,158,529,358"
,2015-mar,Non-Cross TSXV-Listed,"$1,060,944,522",
,2015-mar,Non-Cross CSE-Listed,"$35,242,596",
,2015-mar,Non-Cross NEO-Listed,,
,2015-mar,Intentional Cross Trade All Listing Total,"$20,243,846,595","$9,259,416,801"
,2015-mar,Intentional Cross TSX-Listed,"$20,091,143,769","$9,259,416,801"
,2015-mar,Intentional Cross TSXV-Listed,"$152,471,001",
,2015-mar,Intentional Cross CSE-Listed,"$231,824",
,2015-mar,Intentional Cross NEO-Listed,,
,2015-Apr,All Trade All Listing Total,"$185,196,087,321","$101,683,679,899"
,2015-Apr,Non-Cross Trade All Listing Total,"$161,512,206,449","$91,587,864,634"
,2015-Apr,Non-Cross TSX-Listed,"$160,061,668,639","$91,587,864,634"
,2015-Apr,Non-Cross TSXV-Listed,"$1,422,489,450",
,2015-Apr,Non-Cross CSE-Listed,"$28,048,360",
,2015-Apr,Non-Cross NEO-Listed,,
,2015-Apr,Intentional Cross Trade All Listing Total,"$23,683,880,871","$10,095,815,265"
,2015-Apr,Intentional Cross TSX-Listed,"$23,447,126,987","$10,095,815,265"
,2015-Apr,Intentional Cross TSXV-Listed,"$235,161,107",
,2015-Apr,Intentional Cross CSE-Listed,"$1,592,778",
,2015-Apr,Intentional Cross NEO-Listed,,
,2015-may,All Trade All Listing Total,"$168,062,773,412","$93,154,874,661"
,2015-may,Non-Cross Trade All Listing Total,"$145,983,229,413","$83,576,709,664"
,2015-may,Non-Cross TSX-Listed,"$144,883,401,185","$83,576,709,664"
,2015-may,Non-Cross TSXV-Listed,"$1,081,173,017",
,2015-may,Non-Cross CSE-Listed,"$18,655,211",
,2015-may,Non-Cross NEO-Listed,,
,2015-may,Intentional Cross Trade All Listing Total,"$22,079,543,999","$9,578,164,997"
,2015-may,Intentional Cross TSX-Listed,"$21,937,274,264","$9,578,164,997"
,2015-may,Intentional Cross TSXV-Listed,"$142,012,017",
,2015-may,Intentional Cross CSE-Listed,"$257,718",
,2015-may,Intentional Cross NEO-Listed,,
,2015-jun,All Trade All Listing Total,"$192,914,544,829","$115,209,328,271"
,2015-jun,Non-Cross Trade All Listing Total,"$169,877,364,117","$105,282,815,667"
,2015-jun,Non-Cross TSX-Listed,"$168,780,895,439","$105,282,815,667"
,2015-jun,Non-Cross TSXV-Listed,"$1,069,921,641",
,2015-jun,Non-Cross CSE-Listed,"$26,547,037",
,2015-jun,Non-Cross NEO-Listed,,
,2015-jun,Intentional Cross Trade All Listing Total,"$23,037,180,712","$9,926,512,604"
,2015-jun,Intentional Cross TSX-Listed,"$22,858,654,404","$9,926,512,604"
,2015-jun,Intentional Cross TSXV-Listed,"$177,918,412",
,2015-jun,Intentional Cross CSE-Listed,"$607,896",
,2015-jun,Intentional Cross NEO-Listed,,
,2015-jul,All Trade All Listing Total,"$179,646,278,625","$100,540,157,401"
,2015-jul,Non-Cross Trade All Listing Total,"$157,927,855,285","$92,847,936,782"
,2015-jul,Non-Cross TSX-Listed,"$157,072,481,637","$92,847,936,782"
,2015-jul,Non-Cross TSXV-Listed,"$834,124,964",
,2015-jul,Non-Cross CSE-Listed,"$21,248,684",
,2015-jul,Non-Cross NEO-Listed,,
,2015-jul,Intentional Cross Trade All Listing Total,"$21,718,423,340","$7,692,220,620"
,2015-jul,Intentional Cross TSX-Listed,"$21,589,261,740","$7,692,220,620"
,2015-jul,Intentional Cross TSXV-Listed,"$128,165,908",
,2015-jul,Intentional Cross CSE-Listed,"$995,692",
,2015-jul,Intentional Cross NEO-Listed,,
,2015-Aug,All Trade All Listing Total,"$177,661,123,800","$102,068,421,345"
,2015-Aug,Non-Cross Trade All Listing Total,"$158,856,726,873","$95,713,576,606"
,2015-Aug,Non-Cross TSX-Listed,"$158,175,974,866","$95,713,576,606"
,2015-Aug,Non-Cross TSXV-Listed,"$663,691,582",
,2015-Aug,Non-Cross CSE-Listed,"$17,060,425",
,2015-Aug,Non-Cross NEO-Listed,,
,2015-Aug,Intentional Cross Trade All Listing Total,"$18,804,396,927","$6,354,844,739"
,2015-Aug,Intentional Cross TSX-Listed,"$18,702,996,568","$6,354,844,739"
,2015-Aug,Intentional Cross TSXV-Listed,"$101,002,803",
,2015-Aug,Intentional Cross CSE-Listed,"$397,556",
,2015-Aug,Intentional Cross NEO-Listed,,
,2015-Sep,All Trade All Listing Total,"$183,859,677,563","$111,224,970,305"
,2015-Sep,Non-Cross Trade All Listing Total,"$162,386,697,948","$103,947,758,804"
,2015-Sep,Non-Cross TSX-Listed,"$161,795,296,474","$103,947,758,804"
,2015-Sep,Non-Cross TSXV-Listed,"$570,620,103",
,2015-Sep,Non-Cross CSE-Listed,"$20,781,371",
,2015-Sep,Non-Cross NEO-Listed,,
,2015-Sep,Intentional Cross Trade All Listing Total,"$21,472,979,615","$7,277,211,502"
,2015-Sep,Intentional Cross TSX-Listed,"$21,390,373,010","$7,277,211,502"
,2015-Sep,Intentional Cross TSXV-Listed,"$81,280,905",
,2015-Sep,Intentional Cross CSE-Listed,"$1,325,701",
,2015-Sep,Intentional Cross NEO-Listed,,
,2015-oct,All Trade All Listing Total,"$195,391,714,337","$118,623,643,789"
,2015-oct,Non-Cross Trade All Listing Total,"$173,351,858,709","$111,632,176,292"
,2015-oct,Non-Cross TSX-Listed,"$172,556,244,175","$111,632,176,292"
,2015-oct,Non-Cross TSXV-Listed,"$768,205,572",
,2015-oct,Non-Cross CSE-Listed,"$27,408,962",
,2015-oct,Non-Cross NEO-Listed,,
,2015-oct,Intentional Cross Trade All Listing Total,"$22,039,855,628","$6,991,467,497"
,2015-oct,Intentional Cross TSX-Listed,"$21,868,793,171","$6,991,467,497"
,2015-oct,Intentional Cross TSXV-Listed,"$170,114,539",
,2015-oct,Intentional Cross CSE-Listed,"$947,918",
,2015-oct,Intentional Cross NEO-Listed,,
,2015-nov,All Trade All Listing Total,"$166,963,239,740","$96,744,460,593"
,2015-nov,Non-Cross Trade All Listing Total,"$144,679,665,424","$90,556,928,394"
,2015-nov,Non-Cross TSX-Listed,"$143,780,474,605","$90,556,928,394"
,2015-nov,Non-Cross TSXV-Listed,"$860,947,323",
,2015-nov,Non-Cross CSE-Listed,"$38,243,496",
,2015-nov,Non-Cross NEO-Listed,,
,2015-nov,Intentional Cross Trade All Listing Total,"$22,283,574,316","$6,187,532,199"
,2015-nov,Intentional Cross TSX-Listed,"$22,177,734,929","$6,187,532,199"
,2015-nov,Intentional Cross TSXV-Listed,"$85,864,729",
,2015-nov,Intentional Cross CSE-Listed,"$19,974,657",
,2015-nov,Intentional Cross NEO-Listed,,
,2015-Dec,All Trade All Listing Total,"$187,611,189,760","$108,636,790,649"
,2015-Dec,Non-Cross Trade All Listing Total,"$164,699,734,110","$102,250,202,866"
,2015-Dec,Non-Cross TSX-Listed,"$164,098,679,233","$102,250,202,866"
,2015-Dec,Non-Cross TSXV-Listed,"$571,431,163",
,2015-Dec,Non-Cross CSE-Listed,"$29,623,714",
,2015-Dec,Non-Cross NEO-Listed,,
,2015-Dec,Intentional Cross Trade All Listing Total,"$22,911,455,651","$6,386,587,783"
,2015-Dec,Intentional Cross TSX-Listed,"$22,839,610,346","$6,386,587,783"
,2015-Dec,Intentional Cross TSXV-Listed,"$71,471,641",
,2015-Dec,Intentional Cross CSE-Listed,"$373,663",
,2015-Dec,Intentional Cross NEO-Listed,,
,2016-Jan,All Trade All Listing Total,"$201,103,772,945","$114,460,341,295"
,2016-Jan,Non-Cross Trade All Listing Total,"$174,418,580,562","$105,835,841,765"
,2016-Jan,Non-Cross TSX-Listed,"$173,880,530,529","$105,835,841,765"
,2016-Jan,Non-Cross TSXV-Listed,"$512,738,464",
,2016-Jan,Non-Cross CSE-Listed,"$25,311,569",
,2016-Jan,Non-Cross NEO-Listed,,
,2016-Jan,Intentional Cross Trade All Listing Total,"$26,685,192,383","$8,624,499,530"
,2016-Jan,Intentional Cross TSX-Listed,"$26,619,512,874","$8,624,499,530"
,2016-Jan,Intentional Cross TSXV-Listed,"$65,100,458",
,2016-Jan,Intentional Cross CSE-Listed,"$579,052",
,2016-Jan,Intentional Cross NEO-Listed,,
,2016-feb,All Trade All Listing Total,"$206,526,436,483","$118,160,839,755"
,2016-feb,Non-Cross Trade All Listing Total,"$179,682,112,029","$109,872,215,928"
,2016-feb,Non-Cross TSX-Listed,"$179,029,563,156","$109,872,215,928"
,2016-feb,Non-Cross TSXV-Listed,"$620,119,223",
,2016-feb,Non-Cross CSE-Listed,"$32,429,650",
,2016-feb,Non-Cross NEO-Listed,,
,2016-feb,Intentional Cross Trade All Listing Total,"$26,844,324,454","$8,288,623,828"
,2016-feb,Intentional Cross TSX-Listed,"$26,749,186,670","$8,288,623,828"
,2016-feb,Intentional Cross TSXV-Listed,"$94,444,451",
,2016-feb,Intentional Cross CSE-Listed,"$693,334",
,2016-feb,Intentional Cross NEO-Listed,,
,2016-mar,All Trade All Listing Total,"$232,115,641,788","$132,970,411,296"
,2016-mar,Non-Cross Trade All Listing Total,"$203,103,711,940","$124,204,367,275"
,2016-mar,Non-Cross TSX-Listed,"$202,142,454,039","$124,204,367,275"
,2016-mar,Non-Cross TSXV-Listed,"$904,744,599",
,2016-mar,Non-Cross CSE-Listed,"$44,828,863",
,2016-mar,Non-Cross NEO-Listed,"$11,684,438",
,2016-mar,Intentional Cross Trade All Listing Total,"$29,011,929,848","$8,766,044,021"
,2016-mar,Intentional Cross TSX-Listed,"$28,873,386,468","$8,766,044,021"
,2016-mar,Intentional Cross TSXV-Listed,"$131,121,404",
,2016-mar,Intentional Cross CSE-Listed,"$1,222,874",
,2016-mar,Intentional Cross NEO-Listed,"$6,199,102",
,2016-Apr,All Trade All Listing Total,"$205,538,649,744","$113,292,516,461"
,2016-Apr,Non-Cross Trade All Listing Total,"$177,971,845,775","$104,626,071,784"
,2016-Apr,Non-Cross TSX-Listed,"$176,476,131,502","$104,626,071,784"
,2016-Apr,Non-Cross TSXV-Listed,"$1,420,261,732",
,2016-Apr,Non-Cross CSE-Listed,"$48,495,168",
,2016-Apr,Non-Cross NEO-Listed,"$26,957,373",
,2016-Apr,Intentional Cross Trade All Listing Total,"$27,566,803,969","$8,666,444,677"
,2016-Apr,Intentional Cross TSX-Listed,"$27,435,301,737","$8,666,444,677"
,2016-Apr,Intentional Cross TSXV-Listed,"$129,359,537",
,2016-Apr,Intentional Cross CSE-Listed,"$1,088,680",
,2016-Apr,Intentional Cross NEO-Listed,"$1,054,014",
,2016-may,All Trade All Listing Total,"$208,917,698,510","$113,953,661,317"
,2016-may,Non-Cross Trade All Listing Total,"$179,080,039,461","$105,445,102,386"
,2016-may,Non-Cross TSX-Listed,"$177,673,127,890","$105,445,102,386"
,2016-may,Non-Cross TSXV-Listed,"$1,361,987,798",
,2016-may,Non-Cross CSE-Listed,"$43,758,576",
,2016-may,Non-Cross NEO-Listed,"$1,165,198",
,2016-may,Intentional Cross Trade All Listing Total,"$29,837,659,049","$8,508,558,931"
,2016-may,Intentional Cross TSX-Listed,"$29,735,032,178","$8,508,558,931"
,2016-may,Intentional Cross TSXV-Listed,"$101,221,574",
,2016-may,Intentional Cross CSE-Listed,"$415,771",
,2016-may,Intentional Cross NEO-Listed,"$989,526",
,2016-jun,All Trade All Listing Total,"$237,103,982,168","$131,810,178,731"
,2016-jun,Non-Cross Trade All Listing Total,"$204,882,430,995","$121,793,780,463"
,2016-jun,Non-Cross TSX-Listed,"$203,286,508,404","$121,793,780,463"
,2016-jun,Non-Cross TSXV-Listed,"$1,550,258,421",
,2016-jun,Non-Cross CSE-Listed,"$43,889,972",
,2016-jun,Non-Cross NEO-Listed,"$1,774,197",
,2016-jun,Intentional Cross Trade All Listing Total,"$32,221,551,174","$10,016,398,268"
,2016-jun,Intentional Cross TSX-Listed,"$32,078,619,949","$10,016,398,268"
,2016-jun,Intentional Cross TSXV-Listed,"$142,233,942",
,2016-jun,Intentional Cross CSE-Listed,"$697,283",
,2016-jun,Intentional Cross NEO-Listed,,
,2016-jul,All Trade All Listing Total,"$178,295,744,403","$96,008,464,965"
,2016-jul,Non-Cross Trade All Listing Total,"$156,203,993,516","$88,744,391,240"
,2016-jul,Non-Cross TSX-Listed,"$154,740,225,102","$88,744,391,240"
,2016-jul,Non-Cross TSXV-Listed,"$1,427,160,284",
,2016-jul,Non-Cross CSE-Listed,"$33,764,949",
,2016-jul,Non-Cross NEO-Listed,"$2,843,181",
,2016-jul,Intentional Cross Trade All Listing Total,"$22,091,750,888","$7,264,073,725"
,2016-jul,Intentional Cross TSX-Listed,"$21,958,879,813","$7,264,073,725"
,2016-jul,Intentional Cross TSXV-Listed,"$130,884,665",
,2016-jul,Intentional Cross CSE-Listed,"$1,986,409",
,2016-jul,Intentional Cross NEO-Listed,,
,2016-Aug,All Trade All Listing Total,"$191,667,847,967","$102,825,886,811"
,2016-Aug,Non-Cross Trade All Listing Total,"$167,526,575,848","$95,408,801,468"
,2016-Aug,Non-Cross TSX-Listed,"$165,654,453,264","$95,408,801,468"
,2016-Aug,Non-Cross TSXV-Listed,"$1,783,686,762",
,2016-Aug,Non-Cross CSE-Listed,"$83,878,975",
,2016-Aug,Non-Cross NEO-Listed,"$4,556,848",
,2016-Aug,Intentional Cross Trade All Listing Total,"$24,141,272,119","$7,417,085,343"
,2016-Aug,Intentional Cross TSX-Listed,"$23,986,230,634","$7,417,085,343"
,2016-Aug,Intentional Cross TSXV-Listed,"$154,484,116",
,2016-Aug,Intentional Cross CSE-Listed,"$557,369",
,2016-Aug,Intentional Cross NEO-Listed,,
,2016-Sep,All Trade All Listing Total,"$208,773,191,049","$114,204,828,076"
,2016-Sep,Non-Cross Trade All Listing Total,"$182,457,227,720","$104,725,536,498"
,2016-Sep,Non-Cross TSX-Listed,"$180,801,298,268","$104,725,536,498"
,2016-Sep,Non-Cross TSXV-Listed,"$1,480,831,676",
,2016-Sep,Non-Cross CSE-Listed,"$170,697,479",
,2016-Sep,Non-Cross NEO-Listed,"$4,400,298",
,2016-Sep,Intentional Cross Trade All Listing Total,"$26,315,963,329","$9,479,291,578"
,2016-Sep,Intentional Cross TSX-Listed,"$26,116,118,141","$9,479,291,578"
,2016-Sep,Intentional Cross TSXV-Listed,"$188,658,108",
,2016-Sep,Intentional Cross CSE-Listed,"$4,634,172",
,2016-Sep,Intentional Cross NEO-Listed,"$6,552,907",
,2016-oct,All Trade All Listing Total,"$193,555,512,779","$101,874,117,632"
,2016-oct,Non-Cross Trade All Listing Total,"$168,153,191,837","$94,105,160,306"
,2016-oct,Non-Cross TSX-Listed,"$165,830,420,577","$94,105,160,306"
,2016-oct,Non-Cross TSXV-Listed,"$1,985,842,691",
,2016-oct,Non-Cross CSE-Listed,"$333,088,277",
,2016-oct,Non-Cross NEO-Listed,"$3,840,291",
,2016-oct,Intentional Cross Trade All Listing Total,"$25,402,320,942","$7,768,957,327"
,2016-oct,Intentional Cross TSX-Listed,"$25,254,214,869","$7,768,957,327"
,2016-oct,Intentional Cross TSXV-Listed,"$144,990,593",
,2016-oct,Intentional Cross CSE-Listed,"$3,115,480",
,2016-oct,Intentional Cross NEO-Listed,,
,2016-nov,All Trade All Listing Total,"$242,239,373,933","$130,404,615,733"
,2016-nov,Non-Cross Trade All Listing Total,"$211,910,550,161","$121,336,735,125"
,2016-nov,Non-Cross TSX-Listed,"$207,933,286,583","$121,336,735,125"
,2016-nov,Non-Cross TSXV-Listed,"$3,496,584,109",
,2016-nov,Non-Cross CSE-Listed,"$479,109,961",
,2016-nov,Non-Cross NEO-Listed,"$1,569,508",
,2016-nov,Intentional Cross Trade All Listing Total,"$30,328,823,772","$9,067,880,608"
,2016-nov,Intentional Cross TSX-Listed,"$30,161,633,964","$9,067,880,608"
,2016-nov,Intentional Cross TSXV-Listed,"$161,767,548",
,2016-nov,Intentional Cross CSE-Listed,"$3,521,515",
,2016-nov,Intentional Cross NEO-Listed,"$1,900,745",
,2016-Dec,All Trade All Listing Total,"$214,643,920,418","$121,869,032,383"
,2016-Dec,Non-Cross Trade All Listing Total,"$191,266,323,871","$115,211,995,181"
,2016-Dec,Non-Cross TSX-Listed,"$188,674,835,446","$115,211,995,181"
,2016-Dec,Non-Cross TSXV-Listed,"$2,381,380,915",
,2016-Dec,Non-Cross CSE-Listed,"$207,203,113",
,2016-Dec,Non-Cross NEO-Listed,"$2,904,397",
,2016-Dec,Intentional Cross Trade All Listing Total,"$23,377,596,548","$6,657,037,202"
,2016-Dec,Intentional Cross TSX-Listed,"$23,205,754,432","$6,657,037,202"
,2016-Dec,Intentional Cross TSXV-Listed,"$165,059,916",
,2016-Dec,Intentional Cross CSE-Listed,"$6,782,200",
,2016-Dec,Intentional Cross NEO-Listed,,
,2017-Jan,All Trade All Listing Total,"$215,392,353,034","$114,237,769,361"
,2017-Jan,Non-Cross Trade All Listing Total,"$185,304,220,907","$105,228,394,227"
,2017-Jan,Non-Cross TSX-Listed,"$183,033,521,064","$105,228,394,227"
,2017-Jan,Non-Cross TSXV-Listed,"$2,031,790,536",
,2017-Jan,Non-Cross CSE-Listed,"$238,215,441",
,2017-Jan,Non-Cross NEO-Listed,"$693,866",
,2017-Jan,Intentional Cross Trade All Listing Total,"$30,088,132,127","$9,009,375,134"
,2017-Jan,Intentional Cross TSX-Listed,"$29,922,871,993","$9,009,375,134"
,2017-Jan,Intentional Cross TSXV-Listed,"$162,463,952",
,2017-Jan,Intentional Cross CSE-Listed,"$2,796,182",
,2017-Jan,Intentional Cross NEO-Listed,,
,2017-feb,All Trade All Listing Total,"$235,178,104,633","$128,386,897,332"
,2017-feb,Non-Cross Trade All Listing Total,"$200,931,103,294","$116,487,655,554"
,2017-feb,Non-Cross TSX-Listed,"$197,919,121,006","$116,487,655,554"
,2017-feb,Non-Cross TSXV-Listed,"$2,602,522,223",
,2017-feb,Non-Cross CSE-Listed,"$396,236,898",
,2017-feb,Non-Cross NEO-Listed,"$13,223,167",
,2017-feb,Intentional Cross Trade All Listing Total,"$34,247,001,340","$11,899,241,778"
,2017-feb,Intentional Cross TSX-Listed,"$34,072,190,088","$11,899,241,778"
,2017-feb,Intentional Cross TSXV-Listed,"$168,115,939",
,2017-feb,Intentional Cross CSE-Listed,"$6,426,528",
,2017-feb,Intentional Cross NEO-Listed,"$268,784",
,2017-mar,All Trade All Listing Total,"$276,361,184,576","$153,160,969,511"
,2017-mar,Non-Cross Trade All Listing Total,"$241,876,606,895","$141,930,299,050"
,2017-mar,Non-Cross TSX-Listed,"$238,743,875,716","$141,930,299,050"
,2017-mar,Non-Cross TSXV-Listed,"$2,766,364,322",
,2017-mar,Non-Cross CSE-Listed,"$311,399,761",
,2017-mar,Non-Cross NEO-Listed,"$54,967,096",
,2017-mar,Intentional Cross Trade All Listing Total,"$34,484,577,681","$11,230,670,461"
,2017-mar,Intentional Cross TSX-Listed,"$34,285,194,296","$11,230,670,461"
,2017-mar,Intentional Cross TSXV-Listed,"$173,326,167",
,2017-mar,Intentional Cross CSE-Listed,"$4,898,144",
,2017-mar,Intentional Cross NEO-Listed,"$21,159,074",
,2017-Apr,All Trade All Listing Total,"$219,117,422,105","$116,014,836,653"
,2017-Apr,Non-Cross Trade All Listing Total,"$185,865,174,271","$106,849,613,023"
,2017-Apr,Non-Cross TSX-Listed,"$182,875,861,894","$106,849,613,023"
,2017-Apr,Non-Cross TSXV-Listed,"$2,626,419,451",
,2017-Apr,Non-Cross CSE-Listed,"$298,235,163",
,2017-Apr,Non-Cross NEO-Listed,"$64,657,764",
,2017-Apr,Intentional Cross Trade All Listing Total,"$33,252,247,833","$9,165,223,630"
,2017-Apr,Intentional Cross TSX-Listed,"$33,007,824,416","$9,165,223,630"
,2017-Apr,Intentional Cross TSXV-Listed,"$176,092,303",
,2017-Apr,Intentional Cross CSE-Listed,"$13,358,493",
,2017-Apr,Intentional Cross NEO-Listed,"$54,972,622",
,2017-may,All Trade All Listing Total,"$263,720,204,458","$139,278,045,577"
,2017-may,Non-Cross Trade All Listing Total,"$219,641,990,537","$130,609,359,970"
,2017-may,Non-Cross TSX-Listed,"$217,260,851,589","$130,609,359,970"
,2017-may,Non-Cross TSXV-Listed,"$2,129,814,265",
,2017-may,Non-Cross CSE-Listed,"$198,169,288",
,2017-may,Non-Cross NEO-Listed,"$53,155,396",
,2017-may,Intentional Cross Trade All Listing Total,"$44,078,213,921","$8,668,685,607"
,2017-may,Intentional Cross TSX-Listed,"$43,793,621,051","$8,668,685,607"
,2017-may,Intentional Cross TSXV-Listed,"$253,548,190",
,2017-may,Intentional Cross CSE-Listed,"$4,961,440",
,2017-may,Intentional Cross NEO-Listed,"$26,083,239",
,2017-jun,All Trade All Listing Total,"$250,303,915,795","$141,263,922,572"
,2017-jun,Non-Cross Trade All Listing Total,"$220,278,411,401","$131,072,120,188"
,2017-jun,Non-Cross TSX-Listed,"$218,295,476,989","$131,072,120,188"
,2017-jun,Non-Cross TSXV-Listed,"$1,696,675,622",
,2017-jun,Non-Cross CSE-Listed,"$231,156,574",
,2017-jun,Non-Cross NEO-Listed,"$55,102,217",
,2017-jun,Intentional Cross Trade All Listing Total,"$30,025,504,393","$10,191,802,384"
,2017-jun,Intentional Cross TSX-Listed,"$29,817,675,752","$10,191,802,384"
,2017-jun,Intentional Cross TSXV-Listed,"$179,739,079",
,2017-jun,Intentional Cross CSE-Listed,"$11,789,018",
,2017-jun,Intentional Cross NEO-Listed,"$16,300,545",
,2017-jul,All Trade All Listing Total,"$171,241,533,374","$90,100,318,463"
,2017-jul,Non-Cross Trade All Listing Total,"$151,318,151,893","$84,514,393,646"
,2017-jul,Non-Cross TSX-Listed,"$149,923,799,142","$84,514,393,646"
,2017-jul,Non-Cross TSXV-Listed,"$1,156,787,632",
,2017-jul,Non-Cross CSE-Listed,"$195,638,697",
,2017-jul,Non-Cross NEO-Listed,"$41,926,422",
,2017-jul,Intentional Cross Trade All Listing Total,"$19,923,381,481","$5,585,924,817"
,2017-jul,Intentional Cross TSX-Listed,"$19,813,147,547","$5,585,924,817"
,2017-jul,Intentional Cross TSXV-Listed,"$98,920,390",
,2017-jul,Intentional Cross CSE-Listed,"$4,603,749",
,2017-jul,Intentional Cross NEO-Listed,"$6,709,794",
,2017-Aug,All Trade All Listing Total,"$188,889,623,460","$101,482,874,724"
,2017-Aug,Non-Cross Trade All Listing Total,"$167,845,463,991","$95,593,802,834"
,2017-Aug,Non-Cross TSX-Listed,"$166,297,884,543","$95,593,802,834"
,2017-Aug,Non-Cross TSXV-Listed,"$1,260,259,233",
,2017-Aug,Non-Cross CSE-Listed,"$224,187,291",
,2017-Aug,Non-Cross NEO-Listed,"$63,132,925",
,2017-Aug,Intentional Cross Trade All Listing Total,"$21,044,159,468","$5,889,071,890"
,2017-Aug,Intentional Cross TSX-Listed,"$20,930,797,275","$5,889,071,890"
,2017-Aug,Intentional Cross TSXV-Listed,"$105,941,347",
,2017-Aug,Intentional Cross CSE-Listed,"$5,271,430",
,2017-Aug,Intentional Cross NEO-Listed,"$2,149,417",
,2017-Sep,All Trade All Listing Total,"$212,452,193,899","$116,742,549,265"
,2017-Sep,Non-Cross Trade All Listing Total,"$181,154,117,254","$107,244,737,099"
,2017-Sep,Non-Cross TSX-Listed,"$179,068,477,081","$107,244,737,099"
,2017-Sep,Non-Cross TSXV-Listed,"$1,771,315,000",
,2017-Sep,Non-Cross CSE-Listed,"$249,660,723",
,2017-Sep,Non-Cross NEO-Listed,"$64,664,449",
,2017-Sep,Intentional Cross Trade All Listing Total,"$31,298,076,645","$9,497,812,165"
,2017-Sep,Intentional Cross TSX-Listed,"$31,068,098,738","$9,497,812,165"
,2017-Sep,Intentional Cross TSXV-Listed,"$159,772,117",
,2017-Sep,Intentional Cross CSE-Listed,"$10,204,478",
,2017-Sep,Intentional Cross NEO-Listed,"$60,001,312",
,2017-oct,All Trade All Listing Total,"$203,729,006,526","$104,581,607,368"
,2017-oct,Non-Cross Trade All Listing Total,"$175,882,441,050","$97,029,893,150"
,2017-oct,Non-Cross TSX-Listed,"$172,571,418,365","$97,029,893,150"
,2017-oct,Non-Cross TSXV-Listed,"$2,798,840,471",
,2017-oct,Non-Cross CSE-Listed,"$468,671,055",
,2017-oct,Non-Cross NEO-Listed,"$43,511,159",
,2017-oct,Intentional Cross Trade All Listing Total,"$27,846,565,477","$7,551,714,218"
,2017-oct,Intentional Cross TSX-Listed,"$26,841,807,877","$7,551,714,218"
,2017-oct,Intentional Cross TSXV-Listed,"$183,102,733",
,2017-oct,Intentional Cross CSE-Listed,"$28,943,739",
,2017-oct,Intentional Cross NEO-Listed,"$792,711,128",
,2017-nov,All Trade All Listing Total,"$222,190,690,969","$117,078,467,240"
,2017-nov,Non-Cross Trade All Listing Total,"$196,587,006,250","$108,619,770,210"
,2017-nov,Non-Cross TSX-Listed,"$189,575,427,373","$108,619,770,210"
,2017-nov,Non-Cross TSXV-Listed,"$4,961,803,071",
,2017-nov,Non-Cross CSE-Listed,"$1,966,607,717",
,2017-nov,Non-Cross NEO-Listed,"$83,168,090",
,2017-nov,Intentional Cross Trade All Listing Total,"$25,603,684,720","$8,458,697,030"
,2017-nov,Intentional Cross TSX-Listed,"$25,312,791,751","$8,458,697,030"
,2017-nov,Intentional Cross TSXV-Listed,"$224,575,658",
,2017-nov,Intentional Cross CSE-Listed,"$28,424,644",
,2017-nov,Intentional Cross NEO-Listed,"$37,892,667",
,2017-Dec,All Trade All Listing Total,"$211,568,185,460","$113,936,912,869"
,2017-Dec,Non-Cross Trade All Listing Total,"$187,918,542,612","$106,470,638,588"
,2017-Dec,Non-Cross TSX-Listed,"$179,373,224,510","$106,470,638,588"
,2017-Dec,Non-Cross TSXV-Listed,"$5,249,148,877",
,2017-Dec,Non-Cross CSE-Listed,"$3,225,110,455",
,2017-Dec,Non-Cross NEO-Listed,"$71,058,769",
,2017-Dec,Intentional Cross Trade All Listing Total,"$23,649,642,849","$7,466,274,281"
,2017-Dec,Intentional Cross TSX-Listed,"$23,433,253,608","$7,466,274,281"
,2017-Dec,Intentional Cross TSXV-Listed,"$147,012,796",
,2017-Dec,Intentional Cross CSE-Listed,"$21,829,226",
,2017-Dec,Intentional Cross NEO-Listed,"$47,547,218",
,2018-Jan,All Trade All Listing Total,"$278,862,623,794","$148,401,135,268"
,2018-Jan,Non-Cross Trade All Listing Total,"$248,115,458,206","$138,160,316,152"
,2018-Jan,Non-Cross TSX-Listed,"$232,193,758,488","$138,160,316,152"
,2018-Jan,Non-Cross TSXV-Listed,"$10,950,664,239",
,2018-Jan,Non-Cross CSE-Listed,"$4,867,008,437",
,2018-Jan,Non-Cross NEO-Listed,"$104,027,042",
,2018-Jan,Intentional Cross Trade All Listing Total,"$30,747,165,588","$10,240,819,116"
,2018-Jan,Intentional Cross TSX-Listed,"$30,224,997,345","$10,240,819,116"
,2018-Jan,Intentional Cross TSXV-Listed,"$348,638,703",
,2018-Jan,Intentional Cross CSE-Listed,"$29,914,929",
,2018-Jan,Intentional Cross NEO-Listed,"$143,614,611",
,2018-feb,All Trade All Listing Total,"$259,350,709,105","$141,426,571,710"
,2018-feb,Non-Cross Trade All Listing Total,"$233,557,193,521","$133,677,229,610"
,2018-feb,Non-Cross TSX-Listed,"$227,050,236,257","$133,677,229,610"
,2018-feb,Non-Cross TSXV-Listed,"$4,567,192,182",
,2018-feb,Non-Cross CSE-Listed,"$1,807,860,037",
,2018-feb,Non-Cross NEO-Listed,"$131,905,045",
,2018-feb,Intentional Cross Trade All Listing Total,"$25,793,515,584","$7,749,342,100"
,2018-feb,Intentional Cross TSX-Listed,"$25,412,538,358","$7,749,342,100"
,2018-feb,Intentional Cross TSXV-Listed,"$218,652,253",
,2018-feb,Intentional Cross CSE-Listed,"$32,489,828",
,2018-feb,Intentional Cross NEO-Listed,"$129,835,145",
,2018-mar,All Trade All Listing Total,"$248,286,383,419","$138,602,837,566"
,2018-mar,Non-Cross Trade All Listing Total,"$221,455,334,402","$130,952,093,074"
,2018-mar,Non-Cross TSX-Listed,"$215,896,463,164","$130,952,093,074"
,2018-mar,Non-Cross TSXV-Listed,"$3,992,185,951",
,2018-mar,Non-Cross CSE-Listed,"$1,464,778,371",
,2018-mar,Non-Cross NEO-Listed,"$101,906,916",
,2018-mar,Intentional Cross Trade All Listing Total,"$26,831,049,016","$7,650,744,493"
,2018-mar,Intentional Cross TSX-Listed,"$26,358,948,319","$7,650,744,493"
,2018-mar,Intentional Cross TSXV-Listed,"$216,806,159",
,2018-mar,Intentional Cross CSE-Listed,"$14,212,545",
,2018-mar,Intentional Cross NEO-Listed,"$241,081,994",
,2018-Apr,All Trade All Listing Total,"$213,365,273,373","$111,919,629,268"
,2018-Apr,Non-Cross Trade All Listing Total,"$185,800,040,298","$105,061,279,892"
,2018-Apr,Non-Cross TSX-Listed,"$181,983,179,685","$105,061,279,892"
,2018-Apr,Non-Cross TSXV-Listed,"$2,617,955,146",
,2018-Apr,Non-Cross CSE-Listed,"$1,127,922,239",
,2018-Apr,Non-Cross NEO-Listed,"$70,983,228",
,2018-Apr,Intentional Cross Trade All Listing Total,"$27,565,233,075","$6,858,349,377"
,2018-Apr,Intentional Cross TSX-Listed,"$27,250,126,744","$6,858,349,377"
,2018-Apr,Intentional Cross TSXV-Listed,"$189,705,086",
,2018-Apr,Intentional Cross CSE-Listed,"$19,445,584",
,2018-Apr,Intentional Cross NEO-Listed,"$105,955,661",
,2018-may,All Trade All Listing Total,"$250,418,751,277","$134,412,717,074"
,2018-may,Non-Cross Trade All Listing Total,"$215,337,097,953","$124,450,861,762"
,2018-may,Non-Cross TSX-Listed,"$211,779,767,478","$124,450,861,762"
,2018-may,Non-Cross TSXV-Listed,"$2,654,440,108",
,2018-may,Non-Cross CSE-Listed,"$815,220,948",
,2018-may,Non-Cross NEO-Listed,"$87,669,419",
,2018-may,Intentional Cross Trade All Listing Total,"$35,081,653,323","$9,961,855,311"
,2018-may,Intentional Cross TSX-Listed,"$34,484,934,781","$9,961,855,311"
,2018-may,Intentional Cross TSXV-Listed,"$202,997,851",
,2018-may,Intentional Cross CSE-Listed,"$17,560,098",
,2018-may,Intentional Cross NEO-Listed,"$376,160,593",
,2018-jun,All Trade All Listing Total,"$249,406,514,830","$136,264,160,947"
,2018-jun,Non-Cross Trade All Listing Total,"$221,388,224,403","$129,522,860,627"
,2018-jun,Non-Cross TSX-Listed,"$217,469,219,650","$129,522,860,627"
,2018-jun,Non-Cross TSXV-Listed,"$2,575,088,107",
,2018-jun,Non-Cross CSE-Listed,"$1,254,421,928",
,2018-jun,Non-Cross NEO-Listed,"$89,494,718",
,2018-jun,Intentional Cross Trade All Listing Total,"$28,018,290,427","$6,741,300,320"
,2018-jun,Intentional Cross TSX-Listed,"$27,630,287,601","$6,741,300,320"
,2018-jun,Intentional Cross TSXV-Listed,"$155,217,996",
,2018-jun,Intentional Cross CSE-Listed,"$37,663,360",
,2018-jun,Intentional Cross NEO-Listed,"$195,121,470",
,2018-jul,All Trade All Listing Total,"$195,296,155,674","$104,730,346,042"
,2018-jul,Non-Cross Trade All Listing Total,"$171,607,657,421","$98,743,699,841"
,2018-jul,Non-Cross TSX-Listed,"$169,166,166,480","$98,743,699,841"
,2018-jul,Non-Cross TSXV-Listed,"$1,661,952,308",
,2018-jul,Non-Cross CSE-Listed,"$668,110,456",
,2018-jul,Non-Cross NEO-Listed,"$111,428,177",
,2018-jul,Intentional Cross Trade All Listing Total,"$23,688,498,253","$5,986,646,201"
,2018-jul,Intentional Cross TSX-Listed,"$23,308,171,168","$5,986,646,201"
,2018-jul,Intentional Cross TSXV-Listed,"$123,265,326",
,2018-jul,Intentional Cross CSE-Listed,"$11,744,929",
,2018-jul,Intentional Cross NEO-Listed,"$245,316,829",
,2018-Aug,All Trade All Listing Total,"$234,069,387,298","$128,304,608,155"
,2018-Aug,Non-Cross Trade All Listing Total,"$208,267,659,891","$122,254,310,695"
,2018-Aug,Non-Cross TSX-Listed,"$204,366,812,006","$122,254,310,695"
,2018-Aug,Non-Cross TSXV-Listed,"$2,650,865,527",
,2018-Aug,Non-Cross CSE-Listed,"$1,170,774,963",
,2018-Aug,Non-Cross NEO-Listed,"$79,207,395",
,2018-Aug,Intentional Cross Trade All Listing Total,"$25,801,727,406","$6,050,297,460"
,2018-Aug,Intentional Cross TSX-Listed,"$25,503,421,453","$6,050,297,460"
,2018-Aug,Intentional Cross TSXV-Listed,"$149,054,530",
,2018-Aug,Intentional Cross CSE-Listed,"$50,635,940",
,2018-Aug,Intentional Cross NEO-Listed,"$98,615,484",
,2018-Sep,All Trade All Listing Total,"$248,902,688,156","$139,309,396,920"
,2018-Sep,Non-Cross Trade All Listing Total,"$224,990,061,020","$133,022,866,109"
,2018-Sep,Non-Cross TSX-Listed,"$215,278,704,014","$133,022,866,109"
,2018-Sep,Non-Cross TSXV-Listed,"$5,979,191,971",
,2018-Sep,Non-Cross CSE-Listed,"$3,613,057,791",
,2018-Sep,Non-Cross NEO-Listed,"$119,107,244",
,2018-Sep,Intentional Cross Trade All Listing Total,"$23,912,627,136","$6,286,530,811"
,2018-Sep,Intentional Cross TSX-Listed,"$23,406,580,843","$6,286,530,811"
,2018-Sep,Intentional Cross TSXV-Listed,"$258,526,307",
,2018-Sep,Intentional Cross CSE-Listed,"$74,867,758",
,2018-Sep,Intentional Cross NEO-Listed,"$172,652,228",
,2018-oct,All Trade All Listing Total,"$318,526,284,195","$176,636,520,430"
,2018-oct,Non-Cross Trade All Listing Total,"$285,796,524,484","$168,362,437,322"
,2018-oct,Non-Cross TSX-Listed,"$277,878,112,279","$168,362,437,322"
,2018-oct,Non-Cross TSXV-Listed,"$4,428,917,015",
,2018-oct,Non-Cross CSE-Listed,"$3,298,433,441",
,2018-oct,Non-Cross NEO-Listed,"$191,061,749",
,2018-oct,Intentional Cross Trade All Listing Total,"$32,729,759,711","$8,274,083,108"
,2018-oct,Intentional Cross TSX-Listed,"$31,995,987,794","$8,274,083,108"
,2018-oct,Intentional Cross TSXV-Listed,"$255,439,140",
,2018-oct,Intentional Cross CSE-Listed,"$141,674,683",
,2018-oct,Intentional Cross NEO-Listed,"$336,658,094",
,2018-nov,All Trade All Listing Total,"$272,889,395,128","$149,200,496,607"
,2018-nov,Non-Cross Trade All Listing Total,"$242,868,389,584","$142,074,167,179"
,2018-nov,Non-Cross TSX-Listed,"$238,311,475,618","$142,074,167,179"
,2018-nov,Non-Cross TSXV-Listed,"$2,154,662,962",
,2018-nov,Non-Cross CSE-Listed,"$2,277,361,940",
,2018-nov,Non-Cross NEO-Listed,"$124,889,064",
,2018-nov,Intentional Cross Trade All Listing Total,"$30,021,005,545","$7,126,329,428"
,2018-nov,Intentional Cross TSX-Listed,"$29,484,168,649","$7,126,329,428"
,2018-nov,Intentional Cross TSXV-Listed,"$165,868,675",
,2018-nov,Intentional Cross CSE-Listed,"$107,380,416",
,2018-nov,Intentional Cross NEO-Listed,"$263,587,804",
,2018-Dec,All Trade All Listing Total,"$270,939,661,638","$153,087,870,289"
,2018-Dec,Non-Cross Trade All Listing Total,"$239,674,476,084","$147,681,415,921"
,2018-Dec,Non-Cross TSX-Listed,"$236,638,767,174","$147,681,415,921"
,2018-Dec,Non-Cross TSXV-Listed,"$1,508,051,230",
,2018-Dec,Non-Cross CSE-Listed,"$1,407,990,183",
,2018-Dec,Non-Cross NEO-Listed,"$119,667,497",
,2018-Dec,Intentional Cross Trade All Listing Total,"$31,265,185,554","$5,406,454,369"
,2018-Dec,Intentional Cross TSX-Listed,"$30,909,001,881","$5,406,454,369"
,2018-Dec,Intentional Cross TSXV-Listed,"$126,446,117",
,2018-Dec,Intentional Cross CSE-Listed,"$70,349,449",
,2018-Dec,Intentional Cross NEO-Listed,"$159,388,108",
,2019-Jan,All Trade All Listing Total,"$267,164,223,684","$146,150,869,784"
,2019-Jan,Non-Cross Trade All Listing Total,"$237,892,070,516","$139,797,709,675"
,2019-Jan,Non-Cross TSX-Listed,"$233,374,807,455","$139,797,709,675"
,2019-Jan,Non-Cross TSXV-Listed,"$2,357,443,033",
,2019-Jan,Non-Cross CSE-Listed,"$2,038,673,109",
,2019-Jan,Non-Cross NEO-Listed,"$121,146,920",
,2019-Jan,Intentional Cross Trade All Listing Total,"$29,272,153,168","$6,353,160,109"
,2019-Jan,Intentional Cross TSX-Listed,"$28,656,921,878","$6,353,160,109"
,2019-Jan,Intentional Cross TSXV-Listed,"$203,059,484",
,2019-Jan,Intentional Cross CSE-Listed,"$149,797,327",
,2019-Jan,Intentional Cross NEO-Listed,"$262,374,479",
,2019-feb,All Trade All Listing Total,"$245,230,500,943","$131,679,724,114"
,2019-feb,Non-Cross Trade All Listing Total,"$216,695,817,824","$125,881,048,160"
,2019-feb,Non-Cross TSX-Listed,"$211,359,829,655","$125,881,048,160"
,2019-feb,Non-Cross TSXV-Listed,"$2,896,061,713",
,2019-feb,Non-Cross CSE-Listed,"$2,292,978,621",
,2019-feb,Non-Cross NEO-Listed,"$146,947,835",
,2019-feb,Intentional Cross Trade All Listing Total,"$28,534,683,120","$5,798,675,953"
,2019-feb,Intentional Cross TSX-Listed,"$28,029,489,953","$5,798,675,953"
,2019-feb,Intentional Cross TSXV-Listed,"$182,228,067",
,2019-feb,Intentional Cross CSE-Listed,"$153,239,383",
,2019-feb,Intentional Cross NEO-Listed,"$169,725,716",
,2019-mar,All Trade All Listing Total,"$299,934,376,759","$176,784,247,171"
,2019-mar,Non-Cross Trade All Listing Total,"$269,972,187,330","$169,330,986,749"
,2019-mar,Non-Cross TSX-Listed,"$262,892,170,164","$169,330,986,749"
,2019-mar,Non-Cross TSXV-Listed,"$3,252,052,482",
,2019-mar,Non-Cross CSE-Listed,"$3,676,498,086",
,2019-mar,Non-Cross NEO-Listed,"$151,466,598",
,2019-mar,Intentional Cross Trade All Listing Total,"$29,962,189,429","$7,453,260,422"
,2019-mar,Intentional Cross TSX-Listed,"$29,458,343,333","$7,453,260,422"
,2019-mar,Intentional Cross TSXV-Listed,"$181,322,292",
,2019-mar,Intentional Cross CSE-Listed,"$206,393,847",
,2019-mar,Intentional Cross NEO-Listed,"$116,129,957",
,2019-Apr,All Trade All Listing Total,"$249,077,114,409","$137,386,253,213"
,2019-Apr,Non-Cross Trade All Listing Total,"$222,141,952,263","$130,895,003,668"
,2019-Apr,Non-Cross TSX-Listed,"$214,686,023,305","$130,895,003,668"
,2019-Apr,Non-Cross TSXV-Listed,"$2,907,821,555",
,2019-Apr,Non-Cross CSE-Listed,"$4,335,802,031",
,2019-Apr,Non-Cross NEO-Listed,"$212,305,371",
,2019-Apr,Intentional Cross Trade All Listing Total,"$26,935,162,147","$6,491,249,545"
,2019-Apr,Intentional Cross TSX-Listed,"$26,439,182,449","$6,491,249,545"
,2019-Apr,Intentional Cross TSXV-Listed,"$199,674,021",
,2019-Apr,Intentional Cross CSE-Listed,"$219,078,681",
,2019-Apr,Intentional Cross NEO-Listed,"$77,226,996",
,2019-may,All Trade All Listing Total,"$275,060,621,599","$152,747,773,114"
,2019-may,Non-Cross Trade All Listing Total,"$248,396,854,609","$146,363,776,010"
,2019-may,Non-Cross TSX-Listed,"$242,635,422,040","$146,363,776,010"
,2019-may,Non-Cross TSXV-Listed,"$2,776,828,751",
,2019-may,Non-Cross CSE-Listed,"$2,760,507,196",
,2019-may,Non-Cross NEO-Listed,"$224,096,622",
,2019-may,Intentional Cross Trade All Listing Total,"$26,663,766,991","$6,383,997,103"
,2019-may,Intentional Cross TSX-Listed,"$26,069,073,459","$6,383,997,103"
,2019-may,Intentional Cross TSXV-Listed,"$343,907,714",
,2019-may,Intentional Cross CSE-Listed,"$145,562,615",
,2019-may,Intentional Cross NEO-Listed,"$105,223,203",
,2019-jun,All Trade All Listing Total,"$231,368,009,096","$130,585,048,656"
,2019-jun,Non-Cross Trade All Listing Total,"$209,501,734,456","$126,008,607,437"
,2019-jun,Non-Cross TSX-Listed,"$205,885,146,877","$126,008,607,437"
,2019-jun,Non-Cross TSXV-Listed,"$1,769,076,694",
,2019-jun,Non-Cross CSE-Listed,"$1,660,813,917",
,2019-jun,Non-Cross NEO-Listed,"$186,696,968",
,2019-jun,Intentional Cross Trade All Listing Total,"$21,866,274,640","$4,576,441,220"
,2019-jun,Intentional Cross TSX-Listed,"$21,234,155,503","$4,576,441,220"
,2019-jun,Intentional Cross TSXV-Listed,"$182,039,368",
,2019-jun,Intentional Cross CSE-Listed,"$159,104,669",
,2019-jun,Intentional Cross NEO-Listed,"$290,975,099",
,2019-jul,All Trade All Listing Total,"$219,981,920,365","$117,030,812,140"
,2019-jul,Non-Cross Trade All Listing Total,"$195,543,775,264","$111,945,613,737"
,2019-jul,Non-Cross TSX-Listed,"$191,728,838,957","$111,945,613,737"
,2019-jul,Non-Cross TSXV-Listed,"$2,168,671,043",
,2019-jul,Non-Cross CSE-Listed,"$1,462,394,446",
,2019-jul,Non-Cross NEO-Listed,"$183,870,818",
,2019-jul,Intentional Cross Trade All Listing Total,"$24,438,145,101","$5,085,198,403"
,2019-jul,Intentional Cross TSX-Listed,"$23,699,477,158","$5,085,198,403"
,2019-jul,Intentional Cross TSXV-Listed,"$170,823,695",
,2019-jul,Intentional Cross CSE-Listed,"$96,635,518",
,2019-jul,Intentional Cross NEO-Listed,"$471,208,730",
,2019-Aug,All Trade All Listing Total,"$243,270,291,673","$135,168,656,260"
,2019-Aug,Non-Cross Trade All Listing Total,"$220,443,968,529","$130,364,763,241"
,2019-Aug,Non-Cross TSX-Listed,"$217,283,733,382","$130,364,763,241"
,2019-Aug,Non-Cross TSXV-Listed,"$1,804,384,846",
,2019-Aug,Non-Cross CSE-Listed,"$1,174,119,678",
,2019-Aug,Non-Cross NEO-Listed,"$181,730,624",
,2019-Aug,Intentional Cross Trade All Listing Total,"$22,826,323,144","$4,803,893,019"
,2019-Aug,Intentional Cross TSX-Listed,"$22,427,989,782","$4,803,893,019"
,2019-Aug,Intentional Cross TSXV-Listed,"$137,896,292",
,2019-Aug,Intentional Cross CSE-Listed,"$83,231,034",
,2019-Aug,Intentional Cross NEO-Listed,"$177,206,036",
,2019-Sep,All Trade All Listing Total,"$260,301,188,622","$149,805,047,230"
,2019-Sep,Non-Cross Trade All Listing Total,"$230,003,207,057","$142,362,119,801"
,2019-Sep,Non-Cross TSX-Listed,"$227,021,213,161","$142,362,119,801"
,2019-Sep,Non-Cross TSXV-Listed,"$1,454,878,096",
,2019-Sep,Non-Cross CSE-Listed,"$1,360,011,613",
,2019-Sep,Non-Cross NEO-Listed,"$167,104,187",
,2019-Sep,Intentional Cross Trade All Listing Total,"$30,297,981,564","$7,442,927,429"
,2019-Sep,Intentional Cross TSX-Listed,"$29,912,344,608","$7,442,927,429"
,2019-Sep,Intentional Cross TSXV-Listed,"$127,376,706",
,2019-Sep,Intentional Cross CSE-Listed,"$91,955,735",
,2019-Sep,Intentional Cross NEO-Listed,"$166,304,515",
,2019-oct,All Trade All Listing Total,"$236,767,349,085","$134,146,138,105"
,2019-oct,Non-Cross Trade All Listing Total,"$211,655,316,298","$128,470,338,487"
,2019-oct,Non-Cross TSX-Listed,"$209,267,535,535","$128,470,338,487"
,2019-oct,Non-Cross TSXV-Listed,"$1,176,837,119",
,2019-oct,Non-Cross CSE-Listed,"$1,064,613,777",
,2019-oct,Non-Cross NEO-Listed,"$146,329,867",
,2019-oct,Intentional Cross Trade All Listing Total,"$25,112,032,787","$5,675,799,617"
,2019-oct,Intentional Cross TSX-Listed,"$24,698,003,041","$5,675,799,617"
,2019-oct,Intentional Cross TSXV-Listed,"$115,342,477",
,2019-oct,Intentional Cross CSE-Listed,"$42,541,388",
,2019-oct,Intentional Cross NEO-Listed,"$256,145,881",
,2019-nov,All Trade All Listing Total,"$239,376,496,245","$134,168,886,137"
,2019-nov,Non-Cross Trade All Listing Total,"$210,276,976,951","$128,020,319,206"
,2019-nov,Non-Cross TSX-Listed,"$208,098,310,054","$128,020,319,206"
,2019-nov,Non-Cross TSXV-Listed,"$1,074,449,126",
,2019-nov,Non-Cross CSE-Listed,"$958,518,170",
,2019-nov,Non-Cross NEO-Listed,"$145,699,602",
,2019-nov,Intentional Cross Trade All Listing Total,"$29,099,519,293","$6,148,566,931"
,2019-nov,Intentional Cross TSX-Listed,"$28,778,535,865","$6,148,566,931"
,2019-nov,Intentional Cross TSXV-Listed,"$109,846,973",
,2019-nov,Intentional Cross CSE-Listed,"$41,214,217",
,2019-nov,Intentional Cross NEO-Listed,"$169,922,238",
,2019-Dec,All Trade All Listing Total,"$244,833,129,922","$138,856,789,631"
,2019-Dec,Non-Cross Trade All Listing Total,"$219,367,976,610","$133,615,119,759"
,2019-Dec,Non-Cross TSX-Listed,"$217,148,405,219","$133,615,119,759"
,2019-Dec,Non-Cross TSXV-Listed,"$1,169,803,719",
,2019-Dec,Non-Cross CSE-Listed,"$885,042,697",
,2019-Dec,Non-Cross NEO-Listed,"$164,724,975",
,2019-Dec,Intentional Cross Trade All Listing Total,"$25,465,153,312","$5,241,669,872"
,2019-Dec,Intentional Cross TSX-Listed,"$25,186,908,131","$5,241,669,872"
,2019-Dec,Intentional Cross TSXV-Listed,"$111,807,193",
,2019-Dec,Intentional Cross CSE-Listed,"$32,887,935",
,2019-Dec,Intentional Cross NEO-Listed,"$133,550,052",
,2020-Jan,All Trade All Listing Total,"$271,699,993,399","$151,887,772,300"
,2020-Jan,Non-Cross Trade All Listing Total,"$240,969,918,668","$145,025,241,962"
,2020-Jan,Non-Cross TSX-Listed,"$238,131,747,679","$145,025,241,962"
,2020-Jan,Non-Cross TSXV-Listed,"$1,630,013,603",
,2020-Jan,Non-Cross CSE-Listed,"$1,001,297,867",
,2020-Jan,Non-Cross NEO-Listed,"$206,859,520",
,2020-Jan,Intentional Cross Trade All Listing Total,"$30,730,074,731","$6,862,530,338"
,2020-Jan,Intentional Cross TSX-Listed,"$30,046,472,667","$6,862,530,338"
,2020-Jan,Intentional Cross TSXV-Listed,"$141,369,656",
,2020-Jan,Intentional Cross CSE-Listed,"$64,929,721",
,2020-Jan,Intentional Cross NEO-Listed,"$477,302,687",
,2020-feb,All Trade All Listing Total,"$306,797,336,111","$171,368,203,293"
,2020-feb,Non-Cross Trade All Listing Total,"$273,280,272,105","$166,223,766,151"
,2020-feb,Non-Cross TSX-Listed,"$270,555,685,250","$166,223,766,151"
,2020-feb,Non-Cross TSXV-Listed,"$1,803,306,623",
,2020-feb,Non-Cross CSE-Listed,"$669,271,219",
,2020-feb,Non-Cross NEO-Listed,"$252,009,013",
,2020-feb,Intentional Cross Trade All Listing Total,"$33,517,064,005","$5,144,437,142"
,2020-feb,Intentional Cross TSX-Listed,"$32,724,673,706","$5,144,437,142"
,2020-feb,Intentional Cross TSXV-Listed,"$164,601,162",
,2020-feb,Intentional Cross CSE-Listed,"$23,006,233",
,2020-feb,Intentional Cross NEO-Listed,"$604,782,905",
,2020-mar,All Trade All Listing Total,"$539,614,219,802","$313,695,282,858"
,2020-mar,Non-Cross Trade All Listing Total,"$491,775,025,459","$304,033,203,445"
,2020-mar,Non-Cross TSX-Listed,"$488,855,165,646","$304,033,203,445"
,2020-mar,Non-Cross TSXV-Listed,"$1,591,995,826",
,2020-mar,Non-Cross CSE-Listed,"$750,515,298",
,2020-mar,Non-Cross NEO-Listed,"$577,348,690",
,2020-mar,Intentional Cross Trade All Listing Total,"$47,839,194,343","$9,662,079,413"
,2020-mar,Intentional Cross TSX-Listed,"$46,843,042,022","$9,662,079,413"
,2020-mar,Intentional Cross TSXV-Listed,"$125,759,908",
,2020-mar,Intentional Cross CSE-Listed,"$20,487,300",
,2020-mar,Intentional Cross NEO-Listed,"$849,905,113",
,2020-Apr,All Trade All Listing Total,"$336,693,250,654","$193,975,435,758"
,2020-Apr,Non-Cross Trade All Listing Total,"$310,101,676,694","$189,827,497,440"
,2020-Apr,Non-Cross TSX-Listed,"$307,652,365,702","$189,827,497,440"
,2020-Apr,Non-Cross TSXV-Listed,"$1,477,124,426",
,2020-Apr,Non-Cross CSE-Listed,"$739,705,912",
,2020-Apr,Non-Cross NEO-Listed,"$232,480,654",
,2020-Apr,Intentional Cross Trade All Listing Total,"$26,591,573,960","$4,147,938,318"
,2020-Apr,Intentional Cross TSX-Listed,"$26,038,874,263","$4,147,938,318"
,2020-Apr,Intentional Cross TSXV-Listed,"$86,727,312",
,2020-Apr,Intentional Cross CSE-Listed,"$11,550,795",
,2020-Apr,Intentional Cross NEO-Listed,"$454,421,590",
,2020-may,All Trade All Listing Total,"$296,012,099,948","$174,315,440,130"
,2020-may,Non-Cross Trade All Listing Total,"$272,080,256,842","$170,321,830,326"
,2020-may,Non-Cross TSX-Listed,"$268,897,384,834","$170,321,830,326"
,2020-may,Non-Cross TSXV-Listed,"$1,955,190,205",
,2020-may,Non-Cross CSE-Listed,"$1,047,062,594",
,2020-may,Non-Cross NEO-Listed,"$180,619,210",
,2020-may,Intentional Cross Trade All Listing Total,"$23,931,843,105","$3,993,609,804"
,2020-may,Intentional Cross TSX-Listed,"$23,451,146,341","$3,993,609,804"
,2020-may,Intentional Cross TSXV-Listed,"$148,618,876",
,2020-may,Intentional Cross CSE-Listed,"$40,899,859",
,2020-may,Intentional Cross NEO-Listed,"$291,178,030",
,2020-jun,All Trade All Listing Total,"$342,767,123,006","$208,455,528,252"
,2020-jun,Non-Cross Trade All Listing Total,"$316,434,629,539","$204,514,755,265"
,2020-jun,Non-Cross TSX-Listed,"$312,395,730,526","$204,514,755,265"
,2020-jun,Non-Cross TSXV-Listed,"$2,663,975,348",
,2020-jun,Non-Cross CSE-Listed,"$1,179,432,107",
,2020-jun,Non-Cross NEO-Listed,"$195,491,558",
,2020-jun,Intentional Cross Trade All Listing Total,"$26,332,493,468","$3,940,772,987"
,2020-jun,Intentional Cross TSX-Listed,"$25,660,202,219","$3,940,772,987"
,2020-jun,Intentional Cross TSXV-Listed,"$147,763,309",
,2020-jun,Intentional Cross CSE-Listed,"$26,288,875",
,2020-jun,Intentional Cross NEO-Listed,"$498,239,066",
,2020-jul,All Trade All Listing Total,"$265,940,505,216","$157,052,304,151"
,2020-jul,Non-Cross Trade All Listing Total,"$244,516,593,555","$153,305,098,574"
,2020-jul,Non-Cross TSX-Listed,"$238,239,858,215","$153,305,098,574"
,2020-jul,Non-Cross TSXV-Listed,"$4,319,808,092",
,2020-jul,Non-Cross CSE-Listed,"$1,780,486,675",
,2020-jul,Non-Cross NEO-Listed,"$176,440,573",
,2020-jul,Intentional Cross Trade All Listing Total,"$21,423,911,660","$3,747,205,577"
,2020-jul,Intentional Cross TSX-Listed,"$20,667,823,996","$3,747,205,577"
,2020-jul,Intentional Cross TSXV-Listed,"$190,337,220",
,2020-jul,Intentional Cross CSE-Listed,"$58,517,754",
,2020-jul,Intentional Cross NEO-Listed,"$507,232,689",
,2020-Aug,All Trade All Listing Total,"$251,629,830,389","$147,100,960,038"
,2020-Aug,Non-Cross Trade All Listing Total,"$228,611,419,293","$143,401,403,631"
,2020-Aug,Non-Cross TSX-Listed,"$222,642,392,694","$143,401,403,631"
,2020-Aug,Non-Cross TSXV-Listed,"$3,811,023,646",
,2020-Aug,Non-Cross CSE-Listed,"$1,975,734,618",
,2020-Aug,Non-Cross NEO-Listed,"$182,268,335",
,2020-Aug,Intentional Cross Trade All Listing Total,"$23,018,411,095","$3,699,556,407"
,2020-Aug,Intentional Cross TSX-Listed,"$22,294,495,875","$3,699,556,407"
,2020-Aug,Intentional Cross TSXV-Listed,"$152,272,151",
,2020-Aug,Intentional Cross CSE-Listed,"$126,873,718",
,2020-Aug,Intentional Cross NEO-Listed,"$444,769,351",
,2020-Sep,All Trade All Listing Total,"$295,647,342,603","$179,292,156,189"
,2020-Sep,Non-Cross Trade All Listing Total,"$270,488,243,185","$174,109,113,754"
,2020-Sep,Non-Cross TSX-Listed,"$265,007,637,438","$174,109,113,754"
,2020-Sep,Non-Cross TSXV-Listed,"$3,799,239,332",
,2020-Sep,Non-Cross CSE-Listed,"$1,444,270,693",
,2020-Sep,Non-Cross NEO-Listed,"$237,095,723",
,2020-Sep,Intentional Cross Trade All Listing Total,"$25,159,099,418","$5,183,042,435"
,2020-Sep,Intentional Cross TSX-Listed,"$23,885,414,019","$5,183,042,435"
,2020-Sep,Intentional Cross TSXV-Listed,"$248,100,126",
,2020-Sep,Intentional Cross CSE-Listed,"$71,532,207",
,2020-Sep,Intentional Cross NEO-Listed,"$954,053,066",
,2020-oct,All Trade All Listing Total,"$265,352,332,486","$158,989,580,048"
,2020-oct,Non-Cross Trade All Listing Total,"$241,147,058,323","$154,302,137,362"
,2020-oct,Non-Cross TSX-Listed,"$235,471,193,432","$154,302,137,362"
,2020-oct,Non-Cross TSXV-Listed,"$3,276,675,718",
,2020-oct,Non-Cross CSE-Listed,"$2,054,742,559",
,2020-oct,Non-Cross NEO-Listed,"$344,446,613",
,2020-oct,Intentional Cross Trade All Listing Total,"$24,205,274,163","$4,687,442,685"
,2020-oct,Intentional Cross TSX-Listed,"$23,675,803,450","$4,687,442,685"
,2020-oct,Intentional Cross TSXV-Listed,"$189,722,045",
,2020-oct,Intentional Cross CSE-Listed,"$108,863,488",
,2020-oct,Intentional Cross NEO-Listed,"$230,885,180",
,2020-nov,All Trade All Listing Total,"$356,301,083,606","$207,174,476,502"
,2020-nov,Non-Cross Trade All Listing Total,"$319,008,452,370","$196,699,140,089"
,2020-nov,Non-Cross TSX-Listed,"$311,399,466,300","$196,699,140,089"
,2020-nov,Non-Cross TSXV-Listed,"$3,807,159,114",
,2020-nov,Non-Cross CSE-Listed,"$3,279,924,017",
,2020-nov,Non-Cross NEO-Listed,"$521,902,939",
,2020-nov,Intentional Cross Trade All Listing Total,"$37,292,631,236","$10,475,336,412"
,2020-nov,Intentional Cross TSX-Listed,"$36,423,271,739","$10,475,336,412"
,2020-nov,Intentional Cross TSXV-Listed,"$208,099,213",
,2020-nov,Intentional Cross CSE-Listed,"$200,707,673",
,2020-nov,Intentional Cross NEO-Listed,"$460,552,612",
,2020-Dec,All Trade All Listing Total,"$335,725,141,754","$198,423,557,509"
,2020-Dec,Non-Cross Trade All Listing Total,"$303,929,182,500","$191,767,610,055"
,2020-Dec,Non-Cross TSX-Listed,"$291,994,388,808","$191,767,610,055"
,2020-Dec,Non-Cross TSXV-Listed,"$6,524,753,855",
,2020-Dec,Non-Cross CSE-Listed,"$4,043,701,737",
,2020-Dec,Non-Cross NEO-Listed,"$1,366,338,100",
,2020-Dec,Intentional Cross Trade All Listing Total,"$31,795,959,254","$6,655,947,454"
,2020-Dec,Intentional Cross TSX-Listed,"$30,583,880,183","$6,655,947,454"
,2020-Dec,Intentional Cross TSXV-Listed,"$614,073,327",
,2020-Dec,Intentional Cross CSE-Listed,"$147,336,727",
,2020-Dec,Intentional Cross NEO-Listed,"$450,669,018",
,2021-Jan,All Trade All Listing Total,"$361,788,509,029","$199,174,346,488"
,2021-Jan,Non-Cross Trade All Listing Total,"$329,278,811,793","$193,424,454,578"
,2021-Jan,Non-Cross TSX-Listed,"$312,405,341,488","$193,424,454,578"
,2021-Jan,Non-Cross TSXV-Listed,"$9,233,191,492",
,2021-Jan,Non-Cross CSE-Listed,"$6,482,366,750",
,2021-Jan,Non-Cross NEO-Listed,"$1,157,912,064",
,2021-Jan,Intentional Cross Trade All Listing Total,"$32,509,697,235","$5,749,891,909"
,2021-Jan,Intentional Cross TSX-Listed,"$31,221,262,820","$5,749,891,909"
,2021-Jan,Intentional Cross TSXV-Listed,"$666,187,620",
,2021-Jan,Intentional Cross CSE-Listed,"$233,582,058",
,2021-Jan,Intentional Cross NEO-Listed,"$388,664,738",
,2021-feb,All Trade All Listing Total,"$404,816,575,618","$218,768,965,012"
,2021-feb,Non-Cross Trade All Listing Total,"$363,996,640,039","$211,304,035,235"
,2021-feb,Non-Cross TSX-Listed,"$339,744,567,028","$211,304,035,235"
,2021-feb,Non-Cross TSXV-Listed,"$13,317,154,349",
,2021-feb,Non-Cross CSE-Listed,"$9,724,685,683",
,2021-feb,Non-Cross NEO-Listed,"$1,210,232,978",
,2021-feb,Intentional Cross Trade All Listing Total,"$40,819,935,579","$7,464,929,777"
,2021-feb,Intentional Cross TSX-Listed,"$39,322,100,166","$7,464,929,777"
,2021-feb,Intentional Cross TSXV-Listed,"$848,788,629",
,2021-feb,Intentional Cross CSE-Listed,"$256,338,098",
,2021-feb,Intentional Cross NEO-Listed,"$392,708,687",
,2021-mar,All Trade All Listing Total,"$478,535,719,185","$280,774,820,161"
,2021-mar,Non-Cross Trade All Listing Total,"$437,288,871,785","$272,512,720,363"
,2021-mar,Non-Cross TSX-Listed,"$419,284,282,590","$272,512,720,363"
,2021-mar,Non-Cross TSXV-Listed,"$9,086,780,517",
,2021-mar,Non-Cross CSE-Listed,"$8,074,001,747",
,2021-mar,Non-Cross NEO-Listed,"$843,806,931",
,2021-mar,Intentional Cross Trade All Listing Total,"$41,246,847,400","$8,262,099,798"
,2021-mar,Intentional Cross TSX-Listed,"$40,370,624,690","$8,262,099,798"
,2021-mar,Intentional Cross TSXV-Listed,"$431,665,393",
,2021-mar,Intentional Cross CSE-Listed,"$142,877,223",
,2021-mar,Intentional Cross NEO-Listed,"$301,680,094",
,2021-Apr,All Trade All Listing Total,"$330,329,501,859","$187,865,631,136"
,2021-Apr,Non-Cross Trade All Listing Total,"$299,409,806,941","$182,964,024,089"
,2021-Apr,Non-Cross TSX-Listed,"$287,139,412,953","$182,964,024,089"
,2021-Apr,Non-Cross TSXV-Listed,"$6,104,075,368",
,2021-Apr,Non-Cross CSE-Listed,"$5,140,231,041",
,2021-Apr,Non-Cross NEO-Listed,"$1,026,087,578",
,2021-Apr,Intentional Cross Trade All Listing Total,"$30,919,694,918","$4,901,607,047"
,2021-Apr,Intentional Cross TSX-Listed,"$29,868,653,681","$4,901,607,047"
,2021-Apr,Intentional Cross TSXV-Listed,"$348,724,817",
,2021-Apr,Intentional Cross CSE-Listed,"$122,400,270",
,2021-Apr,Intentional Cross NEO-Listed,"$579,916,150",
,2021-may,All Trade All Listing Total,"$357,763,425,487","$203,608,307,288"
,2021-may,Non-Cross Trade All Listing Total,"$320,901,275,678","$196,698,809,186"
,2021-may,Non-Cross TSX-Listed,"$310,691,266,853","$196,698,809,186"
,2021-may,Non-Cross TSXV-Listed,"$6,191,385,538",
,2021-may,Non-Cross CSE-Listed,"$3,397,814,989",
,2021-may,Non-Cross NEO-Listed,"$620,808,298",
,2021-may,Intentional Cross Trade All Listing Total,"$36,862,149,809","$6,909,498,102"
,2021-may,Intentional Cross TSX-Listed,"$35,479,819,255","$6,909,498,102"
,2021-may,Intentional Cross TSXV-Listed,"$310,648,863",
,2021-may,Intentional Cross CSE-Listed,"$103,969,796",
,2021-may,Intentional Cross NEO-Listed,"$967,711,894",
,2021-jun,All Trade All Listing Total,"$372,940,330,634","$220,387,747,477"
,2021-jun,Non-Cross Trade All Listing Total,"$343,506,373,281","$214,810,039,700"
,2021-jun,Non-Cross TSX-Listed,"$334,036,923,781","$214,810,039,700"
,2021-jun,Non-Cross TSXV-Listed,"$5,553,528,860",
,2021-jun,Non-Cross CSE-Listed,"$3,332,220,170",
,2021-jun,Non-Cross NEO-Listed,"$583,700,470",
,2021-jun,Intentional Cross Trade All Listing Total,"$29,433,957,353","$5,577,707,777"
,2021-jun,Intentional Cross TSX-Listed,"$28,508,931,555","$5,577,707,777"
,2021-jun,Intentional Cross TSXV-Listed,"$263,808,870",
,2021-jun,Intentional Cross CSE-Listed,"$199,996,346",
,2021-jun,Intentional Cross NEO-Listed,"$461,220,582",
,2021-jul,All Trade All Listing Total,"$293,689,795,376","$166,214,111,893"
,2021-jul,Non-Cross Trade All Listing Total,"$268,519,402,086","$161,953,438,309"
,2021-jul,Non-Cross TSX-Listed,"$261,201,087,389","$161,953,438,309"
,2021-jul,Non-Cross TSXV-Listed,"$4,261,867,653",
,2021-jul,Non-Cross CSE-Listed,"$2,560,944,303",
,2021-jul,Non-Cross NEO-Listed,"$495,502,740",
,2021-jul,Intentional Cross Trade All Listing Total,"$25,170,393,290","$4,260,673,584"
,2021-jul,Intentional Cross TSX-Listed,"$23,308,150,842","$4,260,673,584"
,2021-jul,Intentional Cross TSXV-Listed,"$237,293,057",
,2021-jul,Intentional Cross CSE-Listed,"$107,337,592",
,2021-jul,Intentional Cross NEO-Listed,"$1,517,611,799",
,2021-Aug,All Trade All Listing Total,"$298,925,635,190","$166,732,236,509"
,2021-Aug,Non-Cross Trade All Listing Total,"$273,121,466,868","$162,358,185,540"
,2021-Aug,Non-Cross TSX-Listed,"$265,199,294,183","$162,358,185,540"
,2021-Aug,Non-Cross TSXV-Listed,"$4,639,309,392",
,2021-Aug,Non-Cross CSE-Listed,"$2,794,626,080",
,2021-Aug,Non-Cross NEO-Listed,"$488,237,214",
,2021-Aug,Intentional Cross Trade All Listing Total,"$25,804,168,321","$4,374,050,969"
,2021-Aug,Intentional Cross TSX-Listed,"$25,192,884,233","$4,374,050,969"
,2021-Aug,Intentional Cross TSXV-Listed,"$210,156,124",
,2021-Aug,Intentional Cross CSE-Listed,"$109,021,727",
,2021-Aug,Intentional Cross NEO-Listed,"$292,106,238",
,2021-Sep,All Trade All Listing Total,"$367,545,361,366","$217,639,784,034"
,2021-Sep,Non-Cross Trade All Listing Total,"$337,565,613,992","$211,931,468,992"
,2021-Sep,Non-Cross TSX-Listed,"$329,047,614,309","$211,931,468,992"
,2021-Sep,Non-Cross TSXV-Listed,"$5,332,187,756",
,2021-Sep,Non-Cross CSE-Listed,"$2,669,121,551",
,2021-Sep,Non-Cross NEO-Listed,"$516,690,376",
,2021-Sep,Intentional Cross Trade All Listing Total,"$29,979,747,374","$5,708,315,042"
,2021-Sep,Intentional Cross TSX-Listed,"$29,076,481,533","$5,708,315,042"
,2021-Sep,Intentional Cross TSXV-Listed,"$213,997,333",
,2021-Sep,Intentional Cross CSE-Listed,"$61,408,928",
,2021-Sep,Intentional Cross NEO-Listed,"$627,859,580",
,2021-oct,All Trade All Listing Total,"$333,712,111,714","$190,476,358,445"
,2021-oct,Non-Cross Trade All Listing Total,"$305,935,138,335","$184,819,656,668"
,2021-oct,Non-Cross TSX-Listed,"$297,494,975,388","$184,819,656,668"
,2021-oct,Non-Cross TSXV-Listed,"$5,587,417,529",
,2021-oct,Non-Cross CSE-Listed,"$2,172,535,330",
,2021-oct,Non-Cross NEO-Listed,"$680,210,088",
,2021-oct,Intentional Cross Trade All Listing Total,"$27,776,973,378","$5,656,701,776"
,2021-oct,Intentional Cross TSX-Listed,"$26,972,348,844","$5,656,701,776"
,2021-oct,Intentional Cross TSXV-Listed,"$464,127,197",
,2021-oct,Intentional Cross CSE-Listed,"$117,857,184",
,2021-oct,Intentional Cross NEO-Listed,"$222,640,153",
,2021-nov,All Trade All Listing Total,"$397,614,057,066","$229,116,390,583"
,2021-nov,Non-Cross Trade All Listing Total,"$363,966,115,289","$220,776,719,189"
,2021-nov,Non-Cross TSX-Listed,"$352,057,864,737","$220,776,719,189"
,2021-nov,Non-Cross TSXV-Listed,"$7,236,175,700",
,2021-nov,Non-Cross CSE-Listed,"$3,398,047,265",
,2021-nov,Non-Cross NEO-Listed,"$1,274,027,587",
,2021-nov,Intentional Cross Trade All Listing Total,"$33,647,941,777","$8,339,671,394"
,2021-nov,Intentional Cross TSX-Listed,"$32,838,305,971","$8,339,671,394"
,2021-nov,Intentional Cross TSXV-Listed,"$415,870,182",
,2021-nov,Intentional Cross CSE-Listed,"$117,905,013",
,2021-nov,Intentional Cross NEO-Listed,"$275,860,610",
,2021-Dec,All Trade All Listing Total,"$368,946,763,816","$217,438,213,494"
,2021-Dec,Non-Cross Trade All Listing Total,"$341,623,825,440","$213,701,600,925"
,2021-Dec,Non-Cross TSX-Listed,"$333,586,819,382","$213,701,600,925"
,2021-Dec,Non-Cross TSXV-Listed,"$5,014,384,489",
,2021-Dec,Non-Cross CSE-Listed,"$2,143,284,855",
,2021-Dec,Non-Cross NEO-Listed,"$879,336,714",
,2021-Dec,Intentional Cross Trade All Listing Total,"$27,322,938,376","$3,736,612,570"
,2021-Dec,Intentional Cross TSX-Listed,"$26,427,515,700","$3,736,612,570"
,2021-Dec,Intentional Cross TSXV-Listed,"$326,868,356",
,2021-Dec,Intentional Cross CSE-Listed,"$143,352,654",
,2021-Dec,Intentional Cross NEO-Listed,"$425,201,666",
,2022-Jan,All Trade All Listing Total,"$427,367,154,828","$241,434,933,058"
,2022-Jan,Non-Cross Trade All Listing Total,"$389,905,255,919","$235,364,980,216"
,2022-Jan,Non-Cross TSX-Listed,"$382,412,194,223","$235,364,980,216"
,2022-Jan,Non-Cross TSXV-Listed,"$4,527,512,755",
,2022-Jan,Non-Cross CSE-Listed,"$1,891,980,577",
,2022-Jan,Non-Cross NEO-Listed,"$1,073,568,364",
,2022-Jan,Intentional Cross Trade All Listing Total,"$37,461,898,909","$6,069,952,841"
,2022-Jan,Intentional Cross TSX-Listed,"$36,473,031,522","$6,069,952,841"
,2022-Jan,Intentional Cross TSXV-Listed,"$266,912,511",
,2022-Jan,Intentional Cross CSE-Listed,"$45,723,515",
,2022-Jan,Intentional Cross NEO-Listed,"$676,231,360",
,2022-feb,All Trade All Listing Total,"$390,218,911,474","$229,479,806,901"
,2022-feb,Non-Cross Trade All Listing Total,"$356,081,815,215","$222,987,405,424"
,2022-feb,Non-Cross TSX-Listed,"$349,408,842,289","$222,987,405,424"
,2022-feb,Non-Cross TSXV-Listed,"$3,628,353,214",
,2022-feb,Non-Cross CSE-Listed,"$1,954,751,836",
,2022-feb,Non-Cross NEO-Listed,"$1,089,867,877",
,2022-feb,Intentional Cross Trade All Listing Total,"$34,137,096,259","$6,492,401,477"
,2022-feb,Intentional Cross TSX-Listed,"$33,199,240,321","$6,492,401,477"
,2022-feb,Intentional Cross TSXV-Listed,"$286,321,788",
,2022-feb,Intentional Cross CSE-Listed,"$171,294,190",
,2022-feb,Intentional Cross NEO-Listed,"$480,239,960",
,2022-mar,All Trade All Listing Total,"$546,389,332,767","$326,544,926,509"
,2022-mar,Non-Cross Trade All Listing Total,"$503,311,077,896","$320,172,893,525"
,2022-mar,Non-Cross TSX-Listed,"$495,787,415,153","$320,172,893,525"
,2022-mar,Non-Cross TSXV-Listed,"$4,573,911,437",
,2022-mar,Non-Cross CSE-Listed,"$1,629,748,081",
,2022-mar,Non-Cross NEO-Listed,"$1,320,003,225",
,2022-mar,Intentional Cross Trade All Listing Total,"$43,078,254,871","$6,372,032,983"
,2022-mar,Intentional Cross TSX-Listed,"$42,243,931,441","$6,372,032,983"
,2022-mar,Intentional Cross TSXV-Listed,"$171,690,876",
,2022-mar,Intentional Cross CSE-Listed,"$63,353,356",
,2022-mar,Intentional Cross NEO-Listed,"$599,279,198",
,2022-Apr,All Trade All Listing Total,"$390,628,947,030","$229,518,681,939"
,2022-Apr,Non-Cross Trade All Listing Total,"$358,989,538,917","$224,564,083,304"
,2022-Apr,Non-Cross TSX-Listed,"$353,286,491,895","$224,564,083,304"
,2022-Apr,Non-Cross TSXV-Listed,"$3,353,887,964",
,2022-Apr,Non-Cross CSE-Listed,"$1,309,568,991",
,2022-Apr,Non-Cross NEO-Listed,"$1,039,590,068",
,2022-Apr,Intentional Cross Trade All Listing Total,"$31,639,408,112","$4,954,598,635"
,2022-Apr,Intentional Cross TSX-Listed,"$31,108,682,895","$4,954,598,635"
,2022-Apr,Intentional Cross TSXV-Listed,"$145,088,059",
,2022-Apr,Intentional Cross CSE-Listed,"$49,574,844",
,2022-Apr,Intentional Cross NEO-Listed,"$336,062,314",
,2022-may,All Trade All Listing Total,"$428,872,982,572","$257,853,585,461"
,2022-may,Non-Cross Trade All Listing Total,"$395,482,381,606","$251,146,301,973"
,2022-may,Non-Cross TSX-Listed,"$390,779,546,310","$251,146,301,973"
,2022-may,Non-Cross TSXV-Listed,"$2,594,926,855",
,2022-may,Non-Cross CSE-Listed,"$1,113,323,690",
,2022-may,Non-Cross NEO-Listed,"$994,584,751",
,2022-may,Intentional Cross Trade All Listing Total,"$33,390,600,966","$6,707,283,488"
,2022-may,Intentional Cross TSX-Listed,"$32,890,119,915","$6,707,283,488"
,2022-may,Intentional Cross TSXV-Listed,"$116,960,674",
,2022-may,Intentional Cross CSE-Listed,"$38,142,238",
,2022-may,Intentional Cross NEO-Listed,"$345,378,138",
,2022-jun,All Trade All Listing Total,"$422,166,478,367","$256,203,516,442"
,2022-jun,Non-Cross Trade All Listing Total,"$385,098,164,821","$250,371,870,082"
,2022-jun,Non-Cross TSX-Listed,"$381,219,505,621","$250,371,870,082"
,2022-jun,Non-Cross TSXV-Listed,"$2,108,769,088",
,2022-jun,Non-Cross CSE-Listed,"$804,914,720",
,2022-jun,Non-Cross NEO-Listed,"$964,975,392",
,2022-jun,Intentional Cross Trade All Listing Total,"$37,068,313,546","$5,831,646,360"
,2022-jun,Intentional Cross TSX-Listed,"$36,500,428,194","$5,831,646,360"
,2022-jun,Intentional Cross TSXV-Listed,"$93,255,310",
,2022-jun,Intentional Cross CSE-Listed,"$37,093,444",
,2022-jun,Intentional Cross NEO-Listed,"$437,536,598",
,2022-jul,All Trade All Listing Total,"$315,921,088,777","$190,855,443,588"
,2022-jul,Non-Cross Trade All Listing Total,"$286,956,433,020","$184,605,286,743"
,2022-jul,Non-Cross TSX-Listed,"$284,136,031,447","$184,605,286,743"
,2022-jul,Non-Cross TSXV-Listed,"$1,505,358,596",
,2022-jul,Non-Cross CSE-Listed,"$650,405,534",
,2022-jul,Non-Cross NEO-Listed,"$664,637,443",
,2022-jul,Intentional Cross Trade All Listing Total,"$28,964,655,757","$6,250,156,846"
,2022-jul,Intentional Cross TSX-Listed,"$28,185,334,448","$6,250,156,846"
,2022-jul,Intentional Cross TSXV-Listed,"$72,407,755",
,2022-jul,Intentional Cross CSE-Listed,"$43,796,709",
,2022-jul,Intentional Cross NEO-Listed,"$663,116,846",
,2022-Aug,All Trade All Listing Total,"$344,814,882,041","$211,337,564,136"
,2022-Aug,Non-Cross Trade All Listing Total,"$315,428,855,444","$205,685,404,040"
,2022-Aug,Non-Cross TSX-Listed,"$311,666,216,628","$205,685,404,040"
,2022-Aug,Non-Cross TSXV-Listed,"$1,993,019,833",
,2022-Aug,Non-Cross CSE-Listed,"$872,013,877",
,2022-Aug,Non-Cross NEO-Listed,"$897,605,106",
,2022-Aug,Intentional Cross Trade All Listing Total,"$29,386,026,596","$5,652,160,096"
,2022-Aug,Intentional Cross TSX-Listed,"$28,651,453,294","$5,652,160,096"
,2022-Aug,Intentional Cross TSXV-Listed,"$62,028,130",
,2022-Aug,Intentional Cross CSE-Listed,"$37,877,569",
,2022-Aug,Intentional Cross NEO-Listed,"$634,667,603",
,2022-Sep,All Trade All Listing Total,"$355,213,917,371","$222,135,737,278"
,2022-Sep,Non-Cross Trade All Listing Total,"$325,206,372,407","$217,397,649,230"
,2022-Sep,Non-Cross TSX-Listed,"$321,897,350,479","$217,397,649,230"
,2022-Sep,Non-Cross TSXV-Listed,"$1,756,438,400",
,2022-Sep,Non-Cross CSE-Listed,"$643,917,584",
,2022-Sep,Non-Cross NEO-Listed,"$908,665,944",
,2022-Sep,Intentional Cross Trade All Listing Total,"$30,007,544,964","$4,738,088,048"
,2022-Sep,Intentional Cross TSX-Listed,"$28,818,302,580","$4,738,088,048"
,2022-Sep,Intentional Cross TSXV-Listed,"$75,801,943",
,2022-Sep,Intentional Cross CSE-Listed,"$29,449,554",
,2022-Sep,Intentional Cross NEO-Listed,"$1,083,990,887",
,2022-oct,All Trade All Listing Total,"$334,878,679,705","$198,074,507,760"
,2022-oct,Non-Cross Trade All Listing Total,"$304,322,880,035","$194,035,318,526"
,2022-oct,Non-Cross TSX-Listed,"$300,885,301,551","$194,035,318,526"
,2022-oct,Non-Cross TSXV-Listed,"$1,473,902,620",
,2022-oct,Non-Cross CSE-Listed,"$957,709,137",
,2022-oct,Non-Cross NEO-Listed,"$1,005,966,727",
,2022-oct,Intentional Cross Trade All Listing Total,"$30,555,799,670","$4,039,189,234"
,2022-oct,Intentional Cross TSX-Listed,"$29,573,470,108","$4,039,189,234"
,2022-oct,Intentional Cross TSXV-Listed,"$94,053,810",
,2022-oct,Intentional Cross CSE-Listed,"$46,893,081",
,2022-oct,Intentional Cross NEO-Listed,"$841,382,671",
,2022-nov,All Trade All Listing Total,"$388,632,727,757","$231,872,404,690"
,2022-nov,Non-Cross Trade All Listing Total,"$348,755,963,406","$225,227,481,257"
,2022-nov,Non-Cross TSX-Listed,"$344,961,810,887","$225,227,481,257"
,2022-nov,Non-Cross TSXV-Listed,"$1,783,831,515",
,2022-nov,Non-Cross CSE-Listed,"$793,018,109",
,2022-nov,Non-Cross NEO-Listed,"$1,217,302,894",
,2022-nov,Intentional Cross Trade All Listing Total,"$39,876,764,351","$6,644,923,433"
,2022-nov,Intentional Cross TSX-Listed,"$38,460,517,204","$6,644,923,433"
,2022-nov,Intentional Cross TSXV-Listed,"$95,503,981",
,2022-nov,Intentional Cross CSE-Listed,"$32,826,536",
,2022-nov,Intentional Cross NEO-Listed,"$1,287,916,630",